,woongjin
0,"충청북도 청주시 흥덕구 서현로32, 가경자이프라자 401호"
1,충청북도 청주시 흥덕구 가경로 123 한국빌딩 501호
2,"대전광역시 서구 가수원로 83, 모아드림아파트 상가동 105호"
3,대전광역시 동구 동구청로 89-16 유미빌딩 3층
4,경상남도 창원시 성산구 대정로 36 가음정종합상가 제3층 5호
5,세종특별자치시 달빛로 47(종촌동97-2) 종촌파크프라자 401호
6,서울특별시 서대문구 남가좌동381 DMC센트레빌상가3동 지1층3-11~14호
7,인천광역시 서구 가정로 411(신현동 302-2) 오투오프라자 4층
8,"경상남도 진주시 진주역로 95번길25(가좌동1978-1) , NK빌딩 502호"
9,"경상북도 영주시 대동로 52번길 3, 강경일빌딩 1층"
10,인천광역시 남동구 인천광역시 남동구 간석동 616-6(간석한신더휴 상가동)201호
11,강원도 홍천군 홍천읍 갈마로7길 8 (갈마곡리243-4) 함정식건물 2층
12,경기도 구리시 갈매순환로 92 퍼스트프라자 302호
13,"인천광역시 부평구 주부토로 183, 대명프라자 302호"
14,서울특별시 은평구 연서로 27길 25 대건빌딩 3층
15,서울특별시 은평구 연서로29길 34(갈현동430-12) 연우빌딩 2층
16,대구광역시 달서구 장기로 242-7 허정빌딩 2층
17,경기도 김포시 북변동690번지 산호@상가 307호
18,경기도 김포시 봉화로182번길 26 601호
19,충청남도 논산시 시민로295번길 4 (내동1039) 임희철건물 2층
20,서울특별시 강서구 화곡로258 대한빌딩 6층
21,"서울특별시 강남구 선릉로 30 개포빌딩 303호, 303-1호, 304-1호"
22,경기도 김포시 걸포2로 45(걸포동 262-1) Pine STAT4빌딩 401~403호
23,전라북도 김제시 도작로 104(검산동912-19) 전원빌딩 3층
24,경상남도 김해시 계동로 21(관동동451-1) 관동프라자 502호
25,"경상남도 거제시 경상남도 거제시 거제중앙로1817(고현동170-2) , 운정빌딩2층"
26,서울특별시 강동구 동남로82길121 3층
27,세종특별자치시 고운서길 10(고운동1713) 대현빌딩 501호
28,서울특별시 구로구 고척동 169-8 오토젠빌딩 4층
29,"경기도 김포시 고촌읍 수기로115, 센트럴타워 6층 604-1호"
30,"경기도 김포시 고촌읍 수기로 109(신곡리880-1) , 고촌캐슬힐507호"
31,경상남도 거제시 중곡로 40(고현동1039) 덕산베스트타운1차 상가 205~6호
32,"서울특별시 노원구 동일로1053, 영진빌딩 5층"
33,"충청남도 공주시 한적1길 2, 신관빌딩 4층"
34,"경기도 안산시 단원구 원선로 53(원곡동822) , 구분상가3층"
35,경기도 안양시 동안구 부림로 188 청용빌딩 4층
36,"충청남도 논산시 관촉로 279 ( 취암동 1041-3) , 2층"
37,대전광역시 유성구 관평2로 48 한호빌딩 4층
38,경기도 광명시 도덕로 34 이앤한빌딩 501호
39,부산광역시 수영구 광안로27 명인빌딩 3층
40,"전라남도 광양시 광양읍 와룡길 19, 1층"
41,광주광역시 북구 매곡로 85 매곡프라자빌딩 302호
42,"서울특별시 광진구 광나루로 590(구의동202-6) , 아산빌딩2층"
43,부산광역시 사하구 낙동대로 154(괴정동 310-4 외3)상록프라자 B동 3층
44,부산광역시 사하구 부산광역시 사하구 사리로 22(괴정동 296-1) 지광베르디아 203호
45,강원도 속초시 미시령로 3359번길 28 이우프라자 2층
46,경기도 파주시 파주로 266(동패동1695-1) 아이비타워 6층
47,경기도 용인시 기흥구 동백중앙로 175 우함빌딩 802호
48,경기도 김포시 김포한강4로 420번길 98 율곡스퀘어 한강리더스 201호~203호
49,경기도 김포시 김포한강9로 32 골든씨티 501호
50,"경기도 김포시 김포한강9로 113, 리치프라자2 205호"
51,"경기도 수원시 권선구 일월천로16번길 24 (구운동911-3) 대성빌딩4층,5층"
52,"인천광역시 남동구 인하로616, 커뮤니티프라자 206호"
53,서울특별시 광진구 구의로16길 89(구의동201-21) 지덕수건물 3층
54,서울특별시 광진구 서울특별시 광진구 광나루로30다길 3 (구의제1동)1층 전체
55,"경기도 수원시 권선구 권광로 55 (권선2동, 권선자이 이편한세상)상기1동 A-207호"
56,"경기도 오산시 궐리사로 29번길8(궐동 618-7) 부자빌딩4층 , 웅진씽크빅 궐동센터"
57,"인천광역시 계양구 양지로 133, 영화빌딩 2층(일부)"
58,대전광역시 중구 계백로1716번길 26(문화동1-55) 미성프라자 601호
59,경기도 수원시 권선구 금곡로73번길 71(금곡동520) 엘지APT상가 405호
60,경기도 수원시 권선구 금곡로102번길38 호매실프라자601호
61,경상남도 진주시 금산면 중천로 80(장사리963-2) 청솔빌딩 301호
62,경기도 오산시 수청로 197(금암동516-3) 백현프라자 301~2호
63,"경기도 의정부시 경기도 의정부시 청사로48번길 7 (자금동, 대송프라자)4층 401호"
64,서울특별시 금천구 독산로 197(독산동1043) 에이스B빌딩 6층
65,경기도 파주시 금빛로 24-28 우성매디피아 405호 웅진씽크빅
66,광주광역시 서구 화개1로 59-1(금호동239-7) 정아빌딩 5층
67,"충청남도 당진시 송악읍 반촌로70-17, KD타워 501~503호"
68,경기도 김포시 검단로 920(감정동 555-5) 동신빌딩 4층
69,"경기도 김포시 풍무로68번길44(풍무동788) 골든프라자2 , 406호"
70,경기도 김포시 김포한강2로 106(장기동 2055-4)? 한강메디플러스 602호
71,"경기도 김포시 경기도 김포시 김포한강4로 117(장기동1608),홍우프라자305,403호"
72,경상남도 김해시 월산로 13-25 (부곡동1163-6) 선우빌딩 301호
73,"전라북도 군산시 나운안1길 19, 지빌딩 301호"
74,전라북도 남원시 낙현길 5 (양우내안애상가동 110호)
75,"제주특별자치도 제주시 남광로2길 11-16, 1층"
76,"울산광역시 남구 남구 수암로116번길 65-13, 1층"
77,"경기도 용인시 처인구 남사면 한숲로 60, 처인프라자 505,506호"
78,"대구광역시 중구 재마루길 94(남산동156-20) , 4층"
79,대구광역시 중구 남산로 45(남산동2466-23) 홍제빌딩 2층
80,전라남도 무안군 남악4로 34번길 31 남악세영리첼아파트상가 203호
81,전라남도 무안군 삼향읍 남악2로74번길 35(남악리2095) 손상혁건물 4층
82,경상남도 창원시 성산구 가음로13번길 33(남양동8) 남양종합상가 406호
83,충청남도 홍성군 홍성읍 홍장북로 423(남장리75-28) 남장빌딩 3층
84,부산광역시 해운대구 좌동순환로 305(좌동1443-4) 신호프라자 5층
85,"대전광역시 동구 곤룡로6 (낭월동622) , 정재현빌딩 401호"
86,충청남도 논산시 논산시 중앙로212 (내동627) 박종근건물 3층
87,대전광역시 서구 대전광역시 서구 도산로253번길 33 (내동)2층
88,경상남도 창원시 마산회원구 내서읍 숲속로 27(삼계리508-1) 주공6단지상가 2층
89,경상남도 창원시 마산회원구 내서읍 숲속로 27 숲속마을 6단지 상가동 201~203호(삼계리 508-1)
90,충청남도 홍성군 홍북면 청사로 36 (신경리1181) 승우빌딩 501호
91,서울특별시 노원구 초안산로2라길 11(월계동) 2층
92,제주특별자치도 수덕7길 21 노성빌주상복합상가 103호
93,"제주특별자치도 제주시 수덕3길33, 4층,5층"
94,전라남도 완도군 노화읍 이포17번길5-1 2층
95,"경기도 의정부시 녹양로 89, 성주당빌딩 2층/4층"
96,충청남도 논산시 시민로295번길 6 (내동1040) 건국빌딩 2층
97,인천광역시 남동구 에코중앙로156번길 5-28 3층(박장규건물)
98,경기도 화성시 동탄지성로 143(능동1114-2) 에버스타 702호
99,부산광역시 사하구 다대낙조2길 3(다대동1548-18) 몰운대빌딩 601호
100,대구광역시 달성군 다사읍 대실역북로1길 15(매곡리1547-8) 연합빌딩 403호
101,"대구광역시 달성군 다사읍 다사역로39(매곡리491), 웅진씽크빅다사라운지"
102,"대구광역시 달성군 대역실역북로1길15, 연합빌딩 4층 다사중등센터"
103,경기도 남양주시 다산중앙로172번길 38 (다산동5778-2) 엘투프라자 305호
104,"경기도 남양주시 다산순환로 420,성산타워플레이스3 504호"
105,강원도 원주시 구곡길 2-41(단구동1583-5) 우순득건물 1층
106,"전라남도 담양군 중앙로91 (담주리77-2) , 박향규빌딩2층"
107,"부산광역시 사하구 제석로 54, 규원빌딩 3층"
108,경기도 안성시 당왕동 207-2 유태빌딩 301호
109,인천광역시 서구 고산후로95번길20 힘찬프라자 401호
110,대구광역시 달서구 조암남로 172-12(유천동87) 삼우T&C 301호
111,충청북도 청주시 청주시 흥덕구 대농로 39?LK 트리플렉스 B동 301호
112,경상남도 양산시 양주로 154(중부동 696-1) 대동상가 502호
113,서울특별시 동작구 상도로 45(대방동395-3) 미성빌딩 3층
114,"울산광역시 동구 대학길 31,(화정동 174-9) 장병수빌딩 2,3층"
115,"부산광역시 서구 대영로45번길 80(서대신동3가),하종근빌딩4층"
116,서울특별시 광진구 용마산로 116(중곡동18-73) 한도빌딩 2층
117,대구광역시 달서구 조암남로32길 30 5층 웅진씽크빅 대천학원
118,"경기도 시흥시 서울대학로172-20 한라3차상가 4동 120호, 121호"
119,경기도 고양시 일산서구 경기도 고양시 일산서구 대화로 130(대화동) 2층 우측일부
120,"충청북도 진천군 덕산읍 대하로133 G플레이스 602호, 603호"
121,경기도 남양주시 와부읍 덕소로 97번길 61 은산빌딩 402호
122,"경기도 남양주시 와부읍 덕소로97번길61, 은산빌딩 2층"
123,경기도 고양시 일산서구 하이파크2로 42 현해프라자 3층 302호
124,경기도 양주시 회정로 114(덕정동208) 금강프라자 307호
125,전라북도 전주시 덕진구 쪽구름로 40(동산동710) 하형식건물 2층
126,경기도 하남시 역말로 50-2(덕풍동431-4) 최병덕빌딩 2층
127,"세종특별자치시 보듬4로 9 카림애비뉴상가 1동 4F 11,12호"
128,경기도 고양시 덕양구 도내동 1022 도래울빌딩 402호
129,"경상북도 구미시 도봉로 76-51(도량동227-2),중앙빌딩501호"
130,대전광역시 유성구 도안대로 511-13 402호
131,세종특별자치시 도움3로 105-5(종촌동151-87) 종촌중앙프라자 703~4호
132,"대구광역시 달서구 한실로 75 (도원동 1432-4),석송빌딩 4층"
133,전라북도 남원시 도통동 584-1 중우빌딩 3층
134,"인천광역시 남구 숙골로 120, 스카이프라자2 202호"
135,"전라남도 여수시 돌산읍 강남3길 39-21, 2층 웅진씽크빅 돌산학원"
136,"대구광역시 동구 신암남로 19(신암동186-3) ,신월드 제3층 301호,302호,303호"
137,충청남도 보령시 충청남도 보령시 한내로터리길 153 (sc프라자)202호
138,경기도 용인시 기흥구 동백중앙로 358-8(동백동598-3) 백현프라자 203호
139,울산광역시 동구 남목21길 15(동부동666-1) 김성오건물 2층
140,"충청북도 음성군 맹동면 원중로 1438(동성리488) , DS타워 303호"
141,"강원도 철원군 동송읍 금학로 191, 2층"
142,"인천광역시 계양구 동양로 123 금화프라자 201호,202호"
143,"경상남도 창원시 경상남도 창원시 의창구 용정길46번길 20 (동읍, 대원하이빌 2차) 상가 401호"
144,경상남도 김해시 월산로 111-61(부곡동 804-2)부곡프라자 406호
145,"부산광역시 해운대구 좌동순환로 174,거성프라자 602호"
146,"대구광역시 북구 동천로 24길 7, 우정빌딩 4층"
147,"경기도 화성시 동탄순환대로18길 16 센터프라자 604호,605호"
148,"경기도 화성시 동탄지성로11 (반송동93-2)골드프라자 501,502호"
149,강원도 동해시 청운2길 17-9(쇄운동) 1층
150,강원도 동해시 청운2길 17-9(쇄운동52-3) 전현욱빌딩 1층
151,제주특별자치도 서귀포시 동홍남로 33 정동ST빌딩 2층
152,세종특별자치시 마음안1로 155(고운동1369) 성진프라자 703호
153,충청남도 천안시 서북구 두정중8길 35(두정동1545) 건정빌딩 201호
154,전라북도 완주군 봉동읍 둔산1로 130(둔산리873-3) 코아루상가동 201호
155,서울특별시 강서구 공항대로55길 33(등촌동644-12) 성명빌딩 3층
156,서울특별시 강서구 공항대로41길 50 보고시티프라자 303호
157,"서울특별시 강서구 마곡중앙로 59-21 에이스타워2 421호,422호"
158,서울특별시 강서구 마곡중앙5로 81(마곡동739-3) 에스비타운 708호
159,"전라남도 광양시 사동로 182(마동1051-2) 라온빌딩 3,4층"
160,"경기도 고양시 경기도 고양시 일산동구 강석로 108 (마두동789) ,강촌마을라이프상가205호"
161,"경기도 김포시 김포한강8로 166, 다빈치프라자 204호 웅진씽크빅 마산학원"
162,경상남도 창원시 마산회원구 내서읍 광려천북로 184(호계리53-2) 코코프라자 503호
163,인천광역시 서구 완정로 43 마전프라자 302호
164,인천광역시 서구 완정로39 정우프라자 202호
165,서울특별시 송파구 서울특별시 송파구 마천로 57길 22-1(마천동 301-46) 박창수건물2층
166,"서울특별시 중랑구 용마산로454, 2층"
167,울산광역시 북구 신천로 83(매곡동474-1) 에이치프라자 203호
168,경기도 수원시 권선구 세류로90번길 34 한마음프라자 401호
169,"경기도 수원시 팔달구 권광로 246(인계동 384) , 래미안노블클래스 301호"
170,서울특별시 강동구 상암로51길 61(명일동332) 엘지아파트상가 205호
171,충청남도 보령시 주공로 67(명천동396-1) 명천상가 202호
172,전라북도 익산시 선화로1길 12(모현동1가863) 성진빌딩 3층
173,경기도 시흥시 목감둘레로 258 메트로타워1 401호 402호?
174,서울특별시 양천구 목동중앙로 67(목동763-1) 성원아파트상가 2층
175,"서울특별시 양천구 목동동로189, 삼성쉐르빌1, 111호"
176,충청남도 천안시 동남구 목천읍 삼성5길 62 아이조움프라자 3층 302호
177,경상남도 창원시 의창구 무동서로 76 근린생활시설3 제지1층 제3-103호(무동리104-1)
178,강원도 원주시 만대로 170-1(무실동1663-4) 드림오피스 3층
179,서울특별시 종로구 통일로 246-20(무악 현대아파트 상가동 3층&4층)
180,전라남도 무안군 무안읍 창포로 19-10(교촌리1042-2) 지우빌딩 307호
181,경상북도 포항시 남구 오천읍 남원로 85-93(원리893-88) 천산빌딩 2층
182,"경기도 파주시 문산읍 당동2로 1, 홈프라자 201호"
183,"울산광역시 남구 문수로 403(신정동1629-6) , 대형빌딩201호"
184,"경상남도 밀양시 미리벌로 51-8,대은빌딩 2층"
185,경기도 하남시 미사강변대로226번길 34 애플빌딩 4층
186,"서울특별시 강북구 서울특별시 강북구 도봉로38길19-7(미아동), 2층 전체"
187,전라북도 군산시 수송로 289 정원빌딩 2층
188,경기도 의정부시 용현로 140(민락동705-1) 낙원빌딩 202호
189,"경기도 의정부시 용현로154(민락동 700-2) , 광희빌딩2층"
190,"세종특별자치시 세종특별자치시 한누리대로 1828 시드니블루 504,505호"
191,강원도 원주시 오리현길 59 스카이빌딩 4층 401호
192,경상남도 창원시 성산구 반송로 148-9(반림동17-9) 반송아이필프라자 701호
193,경기도 화성시 동탄솔빛로 52(반송동217-5) 금탑프라자 302호
194,경상남도 창원시 성산구 반송로148-9 반송아이필프라자401호
195,경기도 화성시 반월동 869-4골드프라자 401호
196,경상남도 창원시 성산구 반지동 23 대동그린코아상가 4층 404-1호
197,"경기도 화성시 향남읍 발안서로 15(발안리297) , 양만기상가302호"
198,서울특별시 강서구 방화동 193-11 불해빌딩 3층
199,경기도 시흥시 배곧4로 32-17(정왕동1772-28) 배곧로자벨 306~7호
200,"경기도 시흥시 서울대학로278번길 19-13 호반써밋플레이스 107동 A-247호,A-248호"
201,충청남도 아산시 배방로 58-40 한성하우시스 501호
202,충청남도 천안시 서북구 백석4길 23(백석동883) 부국빌딩 3층
203,광주광역시 남구 백운로82번길 4(백운동451-30) 휴먼빌딩 3층
204,전라북도 군산시 나운동 520 (백토로 114) 광명빌딩(402호+403호)
205,서울특별시 강북구 한천로 109길 53 (번제3동)2층 유제길건물
206,"울산광역시 울주군 점촌4길 32, 201호"
207,대구광역시 수성구 상록로76 3층 웅진씽크빅 범어센터
208,"경기도 남양주시 별내5로5번길 11, 성산메디컬타워 601호"
209,경기도 화성시 병점1로 66-12 (병점동490-2) 하이코아 302호
210,전라남도 완도군 보길면 보길동로19번길10(부황리7-2)2층
211,경기도 용인시 기흥구 보정로 115 우영프라자 303호
212,대전광역시 서구 복수동로 48 대성빌딩 2층(복수동 486번지)
213,대구광역시 북구 복현로 130 복현3차서한이다음 202호
214,경기도 안산시 상록구 본이로 29(본오동790-18) 김정순건물 201호
215,경기도 화성시 봉담읍 동화길 91(동화리599-4) 웅신아트프라자 901~2호
216,광주광역시 남구 봉선2로85 청호(봉선)빌딩 2층
217,인천광역시 부평구 동수천로 132 부개빌딩 703호
218,부산광역시 금정구 동현로 116(부곡동964-1) 부곡상가B동 201호
219,"부산광역시 연제구 월드컵대로 52(연산동686-6) , 상원빌딩2층"
220,"부산광역시 남구 분포로115, 힐탑탑플레이스 제 B 동 1203호"
221,"전라북도 익산시 궁동로 147, 미르빌딩 4층"
222,충청남도 부여군 부소로96 1층
223,충청남도 논산시 논산대로 269-13 청솔아파트상가 201호
224,인천광역시 부평구 길주남로10번길 21(부평동38-166) 부평래미안상가 321호
225,인천광역시 부평구 부평대로 90 여산빌딩 A동 401호
226,"경기도 성남시 경기도 성남시 분당구 판교로442(이매동131-6) , 우일프라자501,503호"
227,충청남도 천안시 서북구 봉서산로 85(불당동780) 호반리젠시빌 203호
228,충청남도 천안시 서북구 불당4로91 (불당동739)엘리시온빌딩 2층(프라임학원)
229,충청남도 천안시 서북구 불당21로 40 호반써밋플레이스 상가3층 웅진씽크빅
230,대전광역시 대덕구 비래동로 20 선진빌딩 301호
231,"경기도 안양시 동안구 비산동 405-10 두성프라자 201,203호"
232,광주광역시 광산구 비아중앙로 45(비아동77-1) 김용환빌딩 2층
233,경기도 평택시 만세로 1839(비전동1012-1) 아이메듀타워 501~2호
234,전라남도 나주시 빛가람동 330-5(그린로335) 수플러스빌딩 202호
235,"경상남도 사천시 조동길 32, 복일하우스 301호"
236,"서울특별시 동작구 사당로215, 서림빌딩 401호"
237,경상북도 경산시 백자로 72 우리빌딩 3층 302호
238,경상남도 진주시 사들로 56 노블프라자빌딩 2층 204호
239,"대구광역시 북구 내곡로 38-4, 미광프라자 2층"
240,"서울특별시 양천구 신월로 99, 신월시영아파트상가 202, 203호"
241,경기도 김포시 사우중로 93(북변동829) 한빛프라자 502호
242,경기도 김포시 사우중로 82 사우프라자 2층
243,"부산광역시 동래구 아시아드대로 146번길 4(사직동 107-4), YH빌딩 2,3층"
244,"경상남도 창원시 성산구 동산로 162(사파동, 무궁화상가) 3층 웅진씽크빅 사파학원"
245,"인천광역시 부평구 마장로272번길 54, 예향스포츠센타 A-302호"
246,충청북도 청주시 서원구 산남로 75(산남동 685) 웰빙프라자3층
247,경기도 파주시 목동동 1052-2 목동트윈프라자 501호
248,경기도 군포시 산본천로 43-6 솔거(대림)스포츠센터 2층 일부(204호)
249,충청남도 예산군 예산읍 역전로134번길 45(산성리779) 청운빌딩 2층
250,광주광역시 광산구 손재로110번길36 하남센트럴 2층
251,경기도 광주시 곤지암읍 경충대로 778 금진빌딩 2층
252,"인천광역시 부평구 체육관로 38 (삼산2동, 세원빌딩)602호"
253,울산광역시 남구 돋질로251번길 26-1(삼산동1464-4) 성용길빌딩 2층
254,"울산광역시 남구 돋질로 251번길17 (삼산동 1513-6) , 안성만빌딩2층"
255,"경기도 양주시 삼숭로38번길 71(삼숭동683-2) 양주프라자 2층,4층"
256,제주특별자치도 제주시 일주동로 350-5(삼양2동2174-19) 청담휴클래스2 201호
257,"전라남도 영암군 삼호읍 대불주거2로3길 17 , 1층"
258,전라남도 영암군 삼호읍 대불주거로 55-2 2층 전체
259,전라남도 영암군 삼호읍 대불주거로 55-1(용앙리407-6) 롯데슈퍼 2층
260,전라남도 영암군 삼호읍 대불주거5로6(용앙리 1664-7) G PLACE 대불202호
261,서울특별시 노원구 한글비석로 474(상계동639-1) 보람아파트상가 218~9호
262,경상남도 창원시 성산구 동산로 122(상남동45-1) 스카이웰빙파크 6층
263,전라북도 정읍시 충정로 80(상동205-5) 연파빌딩 201호
264,경기도 안산시 상록구 샘골로 154(본오동872-16) 신천빌딩 202호
265,경상남도 거창군 거창읍 거열로 98(상림리799) 그린빌딩 4층
266,대구광역시 달서구 조암남로 9(상인동1595-3) 재원빌딩 2층
267,"경기도 화성시 경기도 화성시 수노을중앙로118(새솔동76-3) , 센텀프라자1동 502,503호"
268,"대전광역시 대덕구 신탄진로 852-1(신탄진동 116-7) ,김응현빌딩2층"
269,전라북도 전주시 완산구 세내로 546 (효자동3가1456-3) 신한빌딩 3층
270,"부산광역시 서구 대영로 38번길11, 대신푸르지오 아파트상가 109동 상가동 301호, 30"
271,광주광역시 남구 중앙로50번안길 15 (서동 75-1) 5층
272,"울산광역시 동구 방어진순환도로 975,현대패밀리서부상가 3층"
273,울산광역시 동구 동해안로4(서부동587-3)송명헌빌딩 2층
274,전라북도 전주시 완산구 당산로 50(서신동796-3) 수진빌딩 4층
275,대구광역시 달성군 다사읍 서재로30길 2(서재리137) 유일빌딩 202호
276,"인천광역시 남동구 서창남순환로 215번길 17, 마스타프라자 401호,402호"
277,인천광역시 남동구 서창남순환로 56 준프라자 401호
278,"충청남도 서천군 서천읍 서천로 126(군사리 751-4) , 2층"
279,제주특별자치도 서귀포시 제주특별자치도 서귀포시 흙담솔로22(서홍동) 2층 전체
280,강원도 춘천시 퇴계농공로 10 (석사동878-2) 한주빌딩 5층
281,전라남도 목포시 텃골로 13번길 70 덕성빌딩 2층
282,광주광역시 광산구 선운중앙로 52(선암동565) 해송빌딩 4층
283,전라북도 익산시 선화로69길48 우석빌딩 5층
284,"경기도 가평군 설악면 신천중앙로 121, 2층 (설악면 신천리 454-1)"
285,경기도 성남시 중원구 원터로 107-4(성남동2511) 김승희빌딩2층
286,서울특별시 강동구 성안로7길35 3층 전체
287,"서울특별시 성북구 서울특별시 성북구 동소문로 34 2층 연진빌딩,성북중등프라임"
288,서울특별시 마포구 월드컵북로 230 현대상가 2층 9호
289,서울특별시 강동구 성안로 71 소망빌딩 4층
290,충청남도 서산시 성연3로37 보람빌딩 301호
291,경상남도 창원시 성산구 삼정자로43번길 8(성주동 127번지) 성주빌딩 502호
292,경상북도 성주군 성주읍3길 13(경산리 42-15) 김정수빌딩 2층
293,"경기도 안산시 경기도 안산시 상록구 충장로 515(성포동591-3) , 정수빌딩304,305호"
294,"서울특별시 관악구 은천로25길69 에이플러스프라자 203호, 205호"
295,"세종특별자치시 세종특별자치시 세종로 1229(고운동2092) , 스타플레이스303~307호"
296,"대구광역시 달성군 다사읍 세천로 161,프라임시티 203호"
297,세종특별자치시 세종특별자치시 소담동580 지엘플렉스2 505~6호
298,전라남도 여수시 소라면 죽림로 41(죽림리 1198-1) 2층
299,전라남도 여수시 소라면 죽림로 31 3층
300,"인천광역시 남동구 포구로 77(논현동109-19), 도원프라자202호"
301,"전라북도 군산시 설림길 54-2 (소룡동1344-2) , 은적사1동 1,2호"
302,광주광역시 동구 광주광역시 동구 남문로622번길 6 (지원1동)1층 (태산빌딩)
303,경기도 광명시 소하동 909-39 광명상가 2층
304,전라북도 전주시 덕진구 솔내로 184 4층
305,울산광역시 울주군 솔밭1길 34 월드타운 2층
306,울산광역시 울주군 온양읍 솔밭1길 34 월드타운 2층
307,대전광역시 유성구 구즉로25 송강그린상가 206~207호
308,"인천광역시 연수구 인천타워대로 54번길 9 에몬스프라자 201호, 202호"
309,"인천광역시 연수구 해돋이로 152번길35(송도동 21-45) , 퍼스트프라자202,203호"
310,"경기도 군포시 송부로74번길 3-40 금강프라자 304호,305호"
311,"경기도 포천시 소흘읍 송우로 76, 랜드프라자 601호"
312,울산광역시 북구 화산로 123(송정동 1232-1) 골드테라스 406호
313,전라북도 전주시 덕진구 시천로 35(송천동1가626-35) 용진빌딩 3층
314,대전광역시 대덕구 동춘당로94번길 11-15(송촌동460-4) 송촌프라자 702호
315,서울특별시 송파구 서울특별시 송파구 가락로 140(송파동98-4) 아이앤비빌딩201호
316,"대구광역시 수성구 달구벌대로2477(범어동167-11) , 수성엠타워5층"
317,전라북도 군산시 수송로 136(수송동 784-10) 선우빌딩 2층
318,경상남도 거제시 수양로 430(수월동1156) 해명빌딩 2층
319,서울특별시 강북구 삼양로 292 광은빌딩 3층
320,"경기도 용인시 수지구 고기로 91, 동천프라자 303호,304호"
321,경기도 오산시 수청로 197(금암동 516-3)백현프라자 602호
322,경기도 구리시 체육관로74번길 23(수택동849-11) 삼희빌딩 3층
323,제주특별자치도 제주시 승천로 70 (아라2동3012-10) 에이치빌딩 4층
324,경기도 의정부시 동일로466번길 55(신곡동362-4) 배정환건물 2층
325,충청남도 공주시 신금2길 47(신관동5-21) 대아곰나루상가 2층
326,대구광역시 동구 율하동로24길 27(신기동265-9) 얘순태건물 3층
327,"대전광역시 동구 신기로 101번길 5-8, gm빌딩 2층 웅진씽크빅"
328,서울특별시 중랑구 신내역로 213 (신내동 807) 신내우디안프라자201호
329,전라남도 순천시 해룡면 향매로 69 동양빌딩 2층
330,"서울특별시 구로구 신도림로19길 7 성광빌딩 301,302,303호"
331,대구광역시 수성구 신매로 84 운성빌딩 5층
332,대구광역시 동구 동호로5길 8(신서동535-6) 신서빌딩 2층
333,경상남도 진주시 진양호로 300(신안동581-2) 영민빌딩 3층
334,광주광역시 서구 풍암1로 57(풍암동1096) 현대삼환상가 2층
335,경기도 고양시 신원로 36(신원동621-1) 명승세도나3 501~2호
336,경상북도 김천시 신음새동네 2길 65 전필수빌딩 2층
337,"울산광역시 남구 대암로 69,신정현대프리자 306호,307호"
338,"부산광역시 해운대구 좌동순환로 309,삼정프라자601호"
339,광주광역시 광산구 왕버들로251번길 16(신창동1125-1) 세명빌딩 3층
340,대구광역시 동구 송라로42 권부교빌딩 3층
341,"경상남도 창원시 성산구 신촌로112 , 201호~202호"
342,경기도 이천시 경충대로2252 효양빌딩 4층
343,경기도 광주시 오포읍 신현로 121 에스에이치빌딩 A동 2층
344,경기도 광주시 상태길 73-72 드림빌딩 2층
345,대전광역시 동구 동대전로 46번길 11 대신빌딩 401호(신흥동 253번지)
346,서울특별시 도봉구 해등로 242-18 현대상가 303호
347,충청남도 천안시 서북구 월봉4로 88-12(쌍용동1558) 원유상건물 2층
348,제주특별자치도 제주시 중앙로 538 (아라1동6096-4) 김상준건물 3층
349,인천광역시 서구 이음5로 66(원당동 1030-3) 서영아너시티1차 502호
350,세종특별자치시 보듬3로 104-19(아름동79-1) 세석빌딩 302호
351,"경기도 이천시 경기도 이천시 부발읍 경충대로 2050번길 59-68(아미리998) , 2층"
352,경상남도 거제시 아주1로2길 62(아주동1683-2) 명주빌딩 3층
353,"경상남도 거제시 용소4길 1, 광우보람맨션상가 302호"
354,경상남도 창원시 성산구 안민로 117번길9(안민동163-5) 풍전빌딩 203호
355,경기도 안양시 안양동 태평로52번길 21 마드리드프라자 5층
356,"경기도 안양시 경기도 안양시 만안구 안양로 224-6(안양동389-3) , 영복빌딩3층"
357,서울특별시 강동구 암사길 49(암사동473-39) 한은빌딩 5층
358,강원도 양구군 양구읍 청춘로 42(상리 590) 2층
359,"강원도 양구군 양구읍 청춘로 42 (상리590), 2층"
360,경기도 양평군 양평읍 양근리 528-15 1층
361,경상북도 포항시 북구 양덕로 47(양덕동1696-2) 드림메디칼 301호
362,"경상남도 창원시 마산회원구 산호천동길38 (양덕동), jk빌딩 4층"
363,"경기도 김포시 양도로19번길 30 골드스타프라자 403,404"
364,"경상남도 양산시 양주로 36 (남부동607-2) , 양우빌딩201"
365,"경상남도 거제시 양정5길 36, 거제아이파크1차 118동 상가 306호 307호"
366,"경기도 양주시 옥정동로7길40(옥정동 1036-4) , 파크프라자402호"
367,"경기도 남양주시 오남읍 양지로281번길 12, 2층"
368,서울특별시 양천구 월정로 37 (신월동444-18) 양천신협건물 3층
369,"경기도 양평군 역전길 3, 하늘타워 3층"
370,경상남도 김해시 활천로 195-5 (어방동688) 박용희건물 2층
371,전라북도 익산시 동성로 509 익산자이아파트 제상가동 110호
372,충청남도 계룡시 엄사면 번영3길63 1층 웅진씽크빅
373,전라남도 여수시 여서로 162 4층
374,경기도 부천시 오정구 여월로 70(여월동335) 정방프라자 204호
375,경기도 용인시 처인구 명지로40번길 4 링크153타워 501호 502호
376,"강원도 홍천군 홍천읍 연봉로3길20-7, 손경희건물 2층"
377,전라남도 목포시 연산로 165 3층
378,전라남도 목포시 연산로 169 (산정동1708-9) 2층
379,"인천광역시 연수구 독배로 40번길 11 효명프라자 201,202호"
380,충청북도 충주시 연수서편2길 11 충주센트럴푸르지오 상가동 201호
381,"경상북도 포항시 남구 철강로25번길 28,동경빌딩 2층"
382,"광주광역시 북구 양일로 60, 청산빌딩 3층"
383,전라남도 영광군 영광읍 물무로 95 2층
384,"충청북도 영동군 영동읍 계산로2길 4, 밀양박씨건물2층"
385,전라북도 익산시 고봉로34길43 영등3차제일(아)상가동 520동 206호
386,서울특별시 영등포구 대림로 245 동건빌딩 4층
387,경기도 수원시 영통구 매영로310번길 46(영통동964-4) 소망문화센터 3층
388,경기도 수원시 영통구 효원로 393 밀래니엄프라자 607호
389,"충청남도 서산시 예천2로12 예천플라자 303,304호"
390,경기도 남양주시 오남읍 진건오남로 511 강남빌딩 2층
391,경기도 남양주시 오남읍 진건오남로 553 2층
392,전라남도 무안군 삼향읍 남악5로 22번길 10 (남악리 2531) 근화베아채비올레상가동 106호
393,"전라남도 무안군 오룡번영3로 40, 위드유타워 406호"
394,충청남도 천안시 서북구 오성2길 3(두정동594) 우현빌딩 2층
395,"경기도 의왕시 원골로 8, 한마을프라자 301호"
396,"경기도 부천시 오정로 252번길10길(오정동192-7) , 은경빌딩2층"
397,충청북도 청주시 청원구 오창읍 2산단로 142 대화메디빌딩 5층 웅진씽크빅
398,경상북도 포항시 남구 오천읍 해병로 389-39
399,"경기도 이천시 경기도 이천시 오천로63(오천리436-2) , 오천63빌딩 1동202A동"
400,경기도 광주시 오포읍 양촌길 156(양벌리623-14) 유용열건물 301호
401,경상북도 경산시 경산로13길 29-2(옥곡동824-5) 벽진빌딩 2.3층
402,"경기도 부천시 옥길로 110-19 은일es타워 402호, 403호"
403,경상북도 안동시 옥서1길 71(옥동937-5) 호반베르디움상가 2층
404,인천광역시 연수구 한진로 25번길4(옥련동 462-1)거산프라자 301호
405,전라남도 목포시 남악1로16번길 22-12 1층
406,전라남도 목포시 당가두로 32(옥암동1151-5) 노석운빌딩 3층
407,"전라남도 목포시 전라남도 목포시 당가두로 34-2 (옥암동1151-2),김원신빌딩 2층"
408,경기도 양주시 옥정동로4길11 힐링프라자2 제5층 504호
409,"대구광역시 달성군 옥포면 돌미로2길 1,(강림리 1127) 제일빌딩 201호"
410,울산광역시 울주군 온산읍 신온9길 44(덕신리440-10) 서진호빌딩 3층
411,울산광역시 울주군 온산읍 신온9길 44
412,울산광역시 울주군 온양읍 솔밭2길 34(대안리202-5) 박성희빌딩 2층
413,울산광역시 울주군 온양읍 솔밭2길 34 박성희빌딩 2층
414,"인천광역시 서구 단봉로 97-7,센타프라자 206-207호 웅진씽크빅 왕길학원"
415,제주특별자치도 제주시 우정로8길 2(외도1동475-5) 신동진건물 3층
416,경상남도 김해시 우암로 32(외동1250-4) 이준동빌딩 2층
417,서울특별시 마포구 큰우물로 52(용강동18-3) 세일상가 2층
418,광주광역시 북구 하서로423번길42 우방아이유쉘상가 2층 201-203호
419,부산광역시 기장군 정관읍 정관6로3우성스마트시티 202호
420,충청북도 청주시 상당구 무농정로 90(용암동2064) 세원한아름@상가 305호
421,경상남도 창원시 진해구 안골로 348(용원동1211-1) 용원그랜드쇼핑 307호
422,경상남도 창원시 진해구 용원동 1211-1 용원그랜드쇼핑 307호
423,전라남도 목포시 연산백련로 4-2
424,전라남도 목포시 용해지구로 61(연산동1930-1) 삼양빌딩 202호
425,인천광역시 미추홀구 용현동 665-4외 1필지 해성프라자 301호
426,"경상남도 창원시 의창구 외동반림로 206 무학상가 3층 1,2,3호"
427,"경상남도 창원시 성산구 경상남도 창원시 성산구 반송로 181(반림동4-1), 현대아파트상가308호"
428,충청남도 아산시 용화로9번길3-7 엔젤하우스 1층
429,"충청남도 아산시 충청남도 아산시 용화로 12번길 3-1(용화동 1542) , 인일건물 1층"
430,경상북도 경주시 용황로 10길 14 용황빌딩 402호
431,전라북도 전주시 완산구 삼천천변1길 17(삼천동1가288-9) 신정빌딩 503호
432,"강원도 춘천시 충열로 45(우두동711-1) , 405호 웅진씽크빅 우두학원"
433,서울특별시 서초구 태봉로70 우면프라자1 201호~202호
434,"광주광역시 광산구 풍영철길로 14-1 (우산동1362-4) , 김병원빌딩 201호"
435,"전라북도 전주시 덕진구 우아로31(우아동3가 772) , 우아한시티 2층 27~28호"
436,"경상북도 포항시 북구 우창동로 53, 카페모캄보 4층"
437,광주광역시 광산구 운남동 785-1번지(목련로153번길85)4층
438,"경기도 김포시 김포한강11로 288-5, 한강베네치아1동 220호"
439,경기도 파주시 미래로 620(와동동1301-4) 해솔프라자 601호
440,"경기도 파주시 청암로 17번길23 (목동동 935-1) , 제이타워 201,202호"
441,"경기도 포천시 영북면 영북로 203(운천리 505-3) , 박지선건물1층"
442,"울산광역시 남구 문수로296(옥동254-2),옥동새롬빌딩3층(남광빌딩 ), 웅진씽크빅"
443,울산광역시 북구 호계매곡1로 31 106호
444,경상북도 울진군 울진중앙로 144 2층 웅진씽크빅
445,"경상남도 거제시 중곡로 40,덕산베스트타운 406호,407호"
446,경기도 수원시 권선구 일월천로 16번길 24 4층
447,강원도 철원군 동송읍 이평1로 3 (이평리 682-8) 2층
448,인천광역시 계양구 동양로 101 명일프라자 401호
449,광주광역시 북구 매곡로 85 미석메디건물 401호
450,"경기도 이천시 증신로 291번길 145-11 501호,502호"
451,서울특별시 양천구 오목로 77 2층
452,대구광역시 달서구 장기로 195 종우빌딩 3층
453,제주특별자치도 제주시 중앙로 366 힐링타운 7층
454,경상남도 양산시 양주로129 리얼프라자 401호
455,"인천광역시 서구 청라에메랄드로 41번길8-4(청라동191-2) , 김종성건물"
456,"전라남도 목포시 신흥로 30 , 성창빌딩 4층"
457,"울산광역시 북구 매산로 35,월드프라자 302호"
458,경기도 화성시 봉담읍 와우로 24 도원프라자 201호
459,강원도 인제군 기린면 기린로 51 조길순건물 2층
460,전라남도 여수시 예울마루로 37-15(웅천동1696-2) 엠씨타워 302호
461,"전라남도 여수시 웅남1길 13-17(웅천동 1664-9) , 김연숙빌딩1층"
462,경기도 오산시 경기대로 154 패션폴라리스 402호
463,경기도 오산시 경기대로154 패션폴라리스빌딩 4층
464,경기도 부천시 경기도 부천시 원미로 144번길 6 (원미동 76-1) 성경빌딩 4층
465,경기도 고양시 덕양구 도래울로 40 예승골드프라자 3층 301호
466,광주광역시 광산구 산월동 885-2 첨단3-1차 호반리젠시빌 제상가2동 201호
467,"서울특별시 성북구 오패산로40, 우일빌딩 2층"
468,대구광역시 달서구 월배로 11길 24 에스빌딩 201호
469,대구광역시 달서구 월배로11길24(대천동483-4)에스빌딩 301-B호
470,경상남도 김해시 월산로 11 (부곡동1163-4) 금영빌딩 201호
471,"대전광역시 서구 청사서로 34, 2층 웅진씽크빅 월평학원"
472,충청남도 부여군 월함로 19 (쌍북리227-16) 권기숙건물 1층
473,경기도 성남시 수정구 위례동로 153(창곡동513) 에이플타워 808호
474,울산광역시 중구 종가4길 5(유곡동475-3) 혁신프라자 401호
475,대전광역시 중구 태평로 15(태평동422-7) 버드내마을상가 309호
476,"강원도 강릉시 선수촌로 124 , 4층"
477,충청북도 청주시 상당구 율량동1190-2번지 2층
478,경상남도 김해시 율하3로 56(율하동1351-5) 태경프라자 503호
479,"대구광역시 동구 안심로16길 47, 율하타임스퀘어 413호"
480,"경기도 시흥시 은계번영길 40 샤르망프라자 408호,409호"
481,경기도 시흥시 은행로 173번길 5 (대야동 579-4) 청송프라자 4층
482,경기도 의정부시 오목로 233 예지플러스 2층
483,제주특별자치도 제주시 구남동2길 41(이도2동) 1층
484,대구광역시 동구 팔공로51길 31 (봉무동1542) 고은타워 303호
485,경기도 수원시 영통구 도청로17번길 40(이의동1341-2) 에듀빌딩 205호
486,경기도 평택시 이충로35번길 24(이충동668-2) 보람플러스2차 303호
487,경기도 평택시 이충로 35번길26(이충동 668-1) 보람플러스원 204호
488,"울산광역시 북구 이화5길 23, 현대글로리아종합상가 202~4호"
489,강원도 인제군 인제로 164 (상동리308-12) 김영우건물 2층
490,경기도 구리시 건원대로 44(인창동670-1) 태영프라자 304호
491,"인천광역시 부평구 길주로 647번길 4, 프리엘림 901호"
492,"제주특별자치도 제주시 일도이동 367-6, 엠케이빌딩 2층"
493,제주특별자치도 제주시 동광로 123 2층
494,전라북도 전주시 덕진구 견훤로 333(인후동1가1033) 위브어울림상가 1동 201호
495,"부산광역시 기장군 일광면 해빛로49(삼성리779-7) , 아이프라자2차 602호"
496,경기도 안산시 상록구 일동로 20(일동 120-3) 일동상가 2층
497,강원도 강릉시 성덕포남로 21(성덕동) 세영빌딩 301호
498,충청남도 홍성군 홍북면 자경로 17 중흥S클래스 단지내상가 A동 208~212호
499,"서울특별시 강남구 밤고개로 231 훼미리타운 206호, 207호"
500,대구광역시 달서구 장기로 125-21(성당동 835) 포스코더샾상가 501호
501,광주광역시 광산구 풍영로329번길 19(장덕동1043) 호반베르디움상가 201호
502,"충청북도 제천시 장락로 146, 한일타운 201~202호"
503,충청북도 제천시 장락로 146 한일타운 202호
504,서울특별시 동대문구 장한로32길 13(장안동321-8) 태양빌딩 2층
505,충청북도 옥천군 문장로 95 임용기빌딩 2층
506,"경기도 구리시 장자대로86번길 46, 금호프라자2 502호 웅진씽크빅 장자학원"
507,경상남도 창원시 진해구 충장로 657번길20 현대빌딩 504호
508,경상남도 거제시 장평3로3길 15-4(장평동264) 해림빌딩 1층
509,강원도 춘천시 춘천로449번길 30(동면 장학리996-1) 드림시티 3층
510,"전라북도 전주시 덕진구 중동 778-3, 청야빌딩 303호"
511,"전라북도 전주시 덕진구 안전로 197, sky빌딩 503호"
512,울산광역시 동구 전하로 51(전하동630-2) 우영빌딩 B 2층
513,"울산광역시 동구 진성6길93, 미동웰스하우스 2층"
514,부산광역시 기장군 정관면 정관로 489(용수리1366-3) 제일프라자 803호
515,서울특별시 성북구 서경로61 (정릉동 192-136)영빌딩2층
516,대전광역시 서구 정림로 22(정림동644) 보은빌딩 2층
517,"강원도 삼척시 정상동 344-10, 201호"
518,경기도 수원시 장안구 이목로 24-3(정자동600-28) 스카이프라자 306~7호
519,"경기도 수원시 장안구 장안로217번길 14 범야상가 3층 (302호,301호일부)"
520,강원도 속초시 조양상가길2 (조양동1499) 분산상가동 301호
521,"전라북도 군산시 궁포1로44 (조촌동2-39) , 엘리시안빌딩302호 웅진씽크"
522,인천광역시 미추홀구 인주대로 416 삼원빌딩 3층 일부
523,경기도 고양시 일산서구 주엽동 115-1 시대프라자 603호
524,"대구광역시 달성군 다사읍 대실역남로34(죽곡리813),태양빌딩201,202호"
525,"경상남도 통영시 광도면 죽림1로 52, 행복프라자빌딩 2층"
526,"충청남도 보령시 지장골길 158(죽정동 735-27) , 201~203호"
527,"서울특별시 노원구 덕릉로73길 18 태인빌딩 3층, 4층"
528,서울특별시 광진구 용마산로24길 14(중곡동18-111) 김흥수건물 2층
529,"경상남도 창원시 의창구 중동중앙로 47, 어반브릭스 스튜디오 스트리트몰 5007호"
530,"경기도 부천시 조마루로 135(중동1170) , 포도마을 유치원 203호 웅진씽크빅"
531,서울특별시 중랑구 면목로27길 80(면목동376-4) 박배증건물 3층
532,경기도 김포시 경기도 김포시 중봉로15 조성남빌딩 3층
533,경상남도 양산시 양주로 129(중부동694-3) 리얼프라자 401호
534,전라북도 전주시 완산구 중화산로 68(중화산동2가616) 강석빌딩 4층
535,서울특별시 중랑구 동일로 760(중화제1동) 2층
536,"경기도 이천시 증신로291번길 145-11, 평산빌딩 6층(송정동 314-6)"
537,경기도 이천시 이섭대천로 1411 흥인프라자 501호
538,"부산광역시 강서구 과학산단로 334번다길 54, 함양빌딩 1층"
539,"강원도 원주시 신지정로 295,호반베르디움 337동 201호 ,202호"
540,"경기도 동두천시 동두천로 115, 중앙프라자 902호"
541,경기도 동두천시 동두천로115 중앙프라자 902호
542,서울특별시 은평구 진관동 64 힐데스하임101동상가 207호
543,전라남도 진도군 진도읍 성내길 8-1(성내리39-17) 김남숙건물 2층
544,경상남도 거제시 장평4로 65 성창빌딩 5층
545,경상남도 김해시 진영읍 장등로 88(진영리1709-2) 세종타운 201호
546,광주광역시 남구 화산로31번길 5(진월동499-81) 동성빌딩 201호
547,경상남도 진주시 경상남도 진주시 범골로60번길 26 (충무공동)센텀타워 402호
548,"충청북도 진천군 진천읍 상산로59-1, 손철수건물1층"
549,충청남도 천안시 서북구 3공단6로 58-8(차암동435)천안비즈타워205-2호
550,"서울특별시 도봉구 도봉로 136가길 73, 북한산한신휴플러스 104동 206호"
551,서울특별시 도봉구 도봉로136가길 73(창동826) 한신휴플러스상가 203호
552,경상남도 창원시 성산구 가양로 124번길 5-11 골든프라자 502호
553,울산광역시 울주군 범서읍 천상1길 21(천상리369) 정호춘빌딩 2층
554,광주광역시 광산구 월계로 70(월계동777-4) 문정섭건물 201호
555,경기도 화성시 동탄대로시범길 142(청계동) 센텀프라자 604호
556,충청남도 천안시 동남구 남부대로 322 청당스타빌딩 4층
557,인천광역시 서구 청라동 186-9 조순심건물 1층
558,"인천광역시 서구 청라커낼로264, 청라중앙프라자 1006호~1009호 청라프라임학원"
559,경기도 평택시 청북읍 옥길리 1158-2 kd프라자 403호
560,경상남도 양산시 물금읍 청운로 188(가촌리241-3) 나래시티 209호
561,"경기도 남양주시 청학로중앙길 33, 남송빌딩 401호"
562,전라남도 목포시 옥암로 182 (석현동1173-2) 경현빌딩 3층
563,"전라남도 목포시 옥암로168-6(옥암동915-6) , 2층 웅진씽크빅 청호중등학원"
564,"경기도 광주시 초월읍 경충대로1033-5(쌍동리181-32),2층"
565,"경상남도 진주시 초북로 56-8, 4층"
566,경상남도 진주시 충무공동 195-4 동부스퀘어빌딩 4층
567,경기도 평택시 이충로35번길 26 보람플러스원 203호
568,"충청북도 충주시 호암토성2로3 선우프라자503,504호"
569,광주광역시 서구 치평로 18 (치평동1177-3) 골든사우나빌딩 201~3호
570,"대구광역시 북구 침산남로 172, 침산빌딩 5층"
571,"충청남도 아산시 충남 아산시 한들물빛5로36 , 탕정지웰시티몰 J동 207호"
572,"경기도 광주시 고불로 67-1, 광복빌딩 2층"
573,경기도 성남시 수정구 남문로60번길 1(태평동3786-1) 녹원빌딩 2층
574,"경기도 고양시 덕양구 토당로 115 (능곡동, 금호프라자)2층 218호"
575,강원도 춘천시 미나리길11번길 12-13번지 윤상숙건물 2층
576,"경상남도 창원시 의창구 반계로 110, 팔용벽산블루밍A단지 305호"
577,경기도 남양주시 의안로 125(평내동604-7) 드림타워 4층
578,"강원도 동해시 강원도 동해시 하평로72(평릉동453-3) , 수디자인빌딩 203호"
579,대구광역시 서구 국채보상로50길 10(평리동1333-10) 선우빌딩 401호
580,경상남도 양산시 평산중앙로 87(평산동41) 삼성명가타운 2동 201호
581,전라북도 전주시 완산구 소대배기로11코와이드빌딩 4층
582,"경기도 의왕시 포일로 59(포일동546), 호성상가 2층"
583,경기도 화성시 10용사로 343-2 폴리클리닉 206호
584,전라남도 순천시 풍덕동 1757-1(순천만정원로 86) 지플레이스 504호
585,경기도 고양시 일산동구숲속마을로 48 신성프라자 203호
586,경기도 고양시 일산동구 숲속마을로 44(풍동1280-1) 미래타워 804호
587,경기도 김포시 유현로33번길 36-4(풍무동561-9) 배일석건물 1층
588,경기도 김포시 유현로33번길 36-14 대원프라자 3층
589,"경기도 김포시 경기도 김포시 풍무로146번길 26 (풍무동187-1), 프라미스빌딩402,403호"
590,"광주광역시 서구 풍암2로10(풍암동1119-1) , 4층"
591,"광주광역시 광산구 풍영로43(월곡동 683-2), JM빌딩 501호"
592,"경상남도 창원시 진해구 풍호로 35번길 10-1 , 2층"
593,인천광역시 중구 중산동 1886-2 비젼프라자 503호
594,경상남도 진주시 도동로264번길 13(하대동298-3) 김순규빌딩 2층
595,"충청북도 제천시 용두대로 5길30(하소동212-2) , 2층"
596,"제주특별자치도 제주시 한림읍 한림남1길 3 , 몽돌스테이1119 ,204호 웅진씽크빅 한림학원"
597,경기도 고양시 일산서구 원일로 51(일산동963-12) 메이저프라자 402~3호
598,경기도 파주시 와석순환로 82 (야당동1006-1) 대흥프라자 203
599,세종특별자치시 누리로 누리로 27 (한솔동 984) 첫마을 6단지 상가 2층
600,"경상남도 합천군 합천읍 충효로 4길 6, 2층"
601,"서울특별시 구로구 항동로3길 6,가온프라자 306호"
602,전라남도 해남군 해남읍 동초길 17-4 해담상가 102-103호
603,"경기도 남양주시 진접읍 해밀예당3로 91, 아트프라자 4층"
604,경기도 고양시 덕양구 충장로152번길 59(행신동936) 능곡중앙교육센터 304호
605,경기도 고양시 덕양구 충장로152번길 59(행신동936) 능곡중앙교육센터 304호
606,"광주광역시 남구 효우2로26번길 13, 2층 202호"
607,경기도 화성시 향남읍 행정리 474-8 스타빌딩 6층
608,"경기도 고양시 덕양구 꽃마을로68(향동동522) , 로데로프라자 605호"
609,경기도 고양시 덕양구 향기로 58 향동프라자 302 호
610,대구광역시 달성군 현풍면 테크노상업로 40(중리497) 월드프라자 401호
611,"울산광역시 북구 당수골5길 42,2층"
612,"경상북도 예천군 행복로 142, 하마빌딩 301호"
613,전라북도 전주시 덕진구 호성3길 22-3(호성동1가863-36) 삼육빌딩 3층
614,"경상남도 함안군 칠원읍 호암길 22, 더노블리지상가 201호 / 208호"
615,서울특별시 강서구 강서구 우현로 13(화곡동84-3) 석성빌딩 3층
616,경기도 남양주시 화도읍먹갓로 45(묵현리 455-5) 부남빌딩 202호
617,부산광역시 북구 화명신도시로 132(화명동 2268-1)위너스타워 402호
618,"부산광역시 북구 화명신도시로 133 ,웨스트포인트빌딩 603호"
619,울산광역시 북구 화산로 22(화봉동1465) 화남빌딩 201호
620,제주특별자치도 제주시 화삼로 11(화북일동1019-2) 주왕빌딩 3층
621,"경기도 화성시 시청로 160번길46 현대메디프라자 501호, 502호"
622,전라남도 화순군 화순읍 광덕로 185 (만연리242-4) 동인빌딩 4층
623,"전라남도 화순군 화순읍 동헌길 9-4(교리90-5) , 1층 웅진씽크빅 화순학"
624,경기도 고양시 덕양구 화신로 234(화정동993) 백양빌딩 503호
625,"울산광역시 동구 화진8길12 (화정동653-17) , 제이타워3층"
626,강원도 태백시 황지로 56-14 (황지동77-17) 진한빌딩 1층
627,"강원도 횡성군 횡성읍 앞들서1로 50, 2층"
628,"경상북도 포항시 효성로 18 (효자동575) , 포산빌딩2층"
629,"전라북도 전주시 완산구 효천중앙로 55, 201호 일부"
630,서울특별시 용산구 효창원로64길 7 청강빌딩 2층 전체
631,강원도 춘천시 백령로 178(후평동 67-14) 301호
632,경기도 용인시 기흥구 흥덕2로 115(영덕동974-7) 미래도프라자 403호
